		{
		  "body-json": {},
		  "params": {
			"path": {},
			"querystring": {
			  "latitude": "31.123",
			  "longitude": "34.501"
			},
			"header": {
			  "Via": "2.0 974c28f7c099ed222b7c7aa8bcbaf5da.cloudfront.net (CloudFront)",
			  "Accept-Language": "en-US,en;q=0.8,he;q=0.6",
			  "CloudFront-Is-Desktop-Viewer": "true",
			  "CloudFront-Is-SmartTV-Viewer": "false",
			  "CloudFront-Is-Mobile-Viewer": "false",
			  "X-Forwarded-For": "46.120.227.175, 216.137.60.60",
			  "CloudFront-Viewer-Country": "IL",
			  "Accept": "text/html,application/xhtml+xml,application/xml;q=0.9,image/webp,*/*;q=0.8",
			  "upgrade-insecure-requests": "1",
			  "X-Amzn-Trace-Id": "Root=1-58ab5f26-2ee1866732599b596749a0ee",
			  "X-Forwarded-Port": "443",
			  "Host": "61cn8cug1h.execute-api.eu-west-1.amazonaws.com",
			  "X-Forwarded-Proto": "https",
			  "X-Amz-Cf-Id": "dGfq0JXcjp0CvqUI0EmJLD8ey6H_LC1OELjGz9paM9JbB9Iovb8q9Q==",
			  "CloudFront-Is-Tablet-Viewer": "false",
			  "cache-control": "max-age=0",
			  "User-Agent": "Mozilla/5.0 (Windows NT 10.0; Win64; x64) AppleWebKit/537.36 (KHTML, like Gecko) Chrome/56.0.2924.87 Safari/537.36",
			  "CloudFront-Forwarded-Proto": "https",
			  "Accept-Encoding": "gzip, deflate, sdch, br"
			}
		  },
		  "stage-variables": {},
		  "context": {
			"cognito-authentication-type": "",
			"http-method": "GET",
			"account-id": "",
			"resource-path": "/homeapp/measurements",
			"authorizer-principal-id": "",
			"user-arn": "",
			"request-id": "520dedf5-f7b3-11e6-9680-756c38e978e3",
			"source-ip": "46.120.227.175",
			"caller": "",
			"api-key": "",
			"user-agent": "Mozilla/5.0 (Windows NT 10.0; Win64; x64) AppleWebKit/537.36 (KHTML, like Gecko) Chrome/56.0.2924.87 Safari/537.36",
			"user": "",
			"cognito-identity-pool-id": "",
			"api-id": "61cn8cug1h",
			"resource-id": "mrfymt",
			"stage": "Prod",
			"cognito-identity-id": "",
			"cognito-authentication-provider": ""
		  }
		}