{
  "swagger": "2.0",
  "info": {
    "version": "2017-02-18T21:53:16Z",
    "title": "HomeApp"
  },
  "host": "61cn8cug1h.execute-api.eu-west-1.amazonaws.com",
  "basePath": "/Prod",
  "schemes": [
    "https"
  ],
  "paths": {
    "/homeapp/measurements": {
      "get": {
        "consumes": [
          "application/json"
        ],
        "produces": [
          "application/json"
        ],
        "parameters": [
          {
            "name": "longitude",
            "in": "query",
            "required": false,
            "type": "string"
          },
          {
            "name": "latitude",
            "in": "query",
            "required": false,
            "type": "string"
          }
        ],
        "responses": {
          "200": {
            "description": "200 response",
            "schema": {
              "$ref": "#/definitions/Empty"
            }
          }
        },
        "x-amazon-apigateway-integration": {
          "responses": {
            "default": {
              "statusCode": "200"
            }
          },
          "requestTemplates": {
            "application/json": "##  See http://docs.aws.amazon.com/apigateway/latest/developerguide/api-gateway-mapping-template-reference.html\n##  This template will pass through all parameters including path, querystring, header, stage variables, and context through to the integration endpoint via the body/payload\n#set($allParams = $input.params())\n{\n\"body-json\" : $input.json('$'),\n\"params\" : {\n#foreach($type in $allParams.keySet())\n    #set($params = $allParams.get($type))\n\"$type\" : {\n    #foreach($paramName in $params.keySet())\n    \"$paramName\" : \"$util.escapeJavaScript($params.get($paramName))\"\n        #if($foreach.hasNext),#end\n    #end\n}\n    #if($foreach.hasNext),#end\n#end\n},\n\"stage-variables\" : {\n#foreach($key in $stageVariables.keySet())\n\"$key\" : \"$util.escapeJavaScript($stageVariables.get($key))\"\n    #if($foreach.hasNext),#end\n#end\n},\n\"context\" : {\n    \"account-id\" : \"$context.identity.accountId\",\n    \"api-id\" : \"$context.apiId\",\n    \"api-key\" : \"$context.identity.apiKey\",\n    \"authorizer-principal-id\" : \"$context.authorizer.principalId\",\n    \"caller\" : \"$context.identity.caller\",\n    \"cognito-authentication-provider\" : \"$context.identity.cognitoAuthenticationProvider\",\n    \"cognito-authentication-type\" : \"$context.identity.cognitoAuthenticationType\",\n    \"cognito-identity-id\" : \"$context.identity.cognitoIdentityId\",\n    \"cognito-identity-pool-id\" : \"$context.identity.cognitoIdentityPoolId\",\n    \"http-method\" : \"$context.httpMethod\",\n    \"stage\" : \"$context.stage\",\n    \"source-ip\" : \"$context.identity.sourceIp\",\n    \"user\" : \"$context.identity.user\",\n    \"user-agent\" : \"$context.identity.userAgent\",\n    \"user-arn\" : \"$context.identity.userArn\",\n    \"request-id\" : \"$context.requestId\",\n    \"resource-id\" : \"$context.resourceId\",\n    \"resource-path\" : \"$context.resourcePath\"\n    }\n}\n"
          },
          "uri": "arn:aws:apigateway:eu-west-1:lambda:path/2015-03-31/functions/arn:aws:lambda:eu-west-1:088169412392:function:HomeApp/invocations",
          "passthroughBehavior": "never",
          "httpMethod": "POST",
          "contentHandling": "CONVERT_TO_TEXT",
          "type": "aws"
        }
      },
      "post": {
        "consumes": [
          "application/json"
        ],
        "produces": [
          "application/json"
        ],
        "responses": {
          "200": {
            "description": "200 response",
            "schema": {
              "$ref": "#/definitions/Empty"
            }
          }
        },
        "x-amazon-apigateway-integration": {
          "responses": {
            "default": {
              "statusCode": "200"
            }
          },
          "requestTemplates": {
            "application/json": "##  See http://docs.aws.amazon.com/apigateway/latest/developerguide/api-gateway-mapping-template-reference.html\n##  This template will pass through all parameters including path, querystring, header, stage variables, and context through to the integration endpoint via the body/payload\n#set($allParams = $input.params())\n{\n\"body-json\" : $input.json('$'),\n\"params\" : {\n#foreach($type in $allParams.keySet())\n    #set($params = $allParams.get($type))\n\"$type\" : {\n    #foreach($paramName in $params.keySet())\n    \"$paramName\" : \"$util.escapeJavaScript($params.get($paramName))\"\n        #if($foreach.hasNext),#end\n    #end\n}\n    #if($foreach.hasNext),#end\n#end\n},\n\"stage-variables\" : {\n#foreach($key in $stageVariables.keySet())\n\"$key\" : \"$util.escapeJavaScript($stageVariables.get($key))\"\n    #if($foreach.hasNext),#end\n#end\n},\n\"context\" : {\n    \"account-id\" : \"$context.identity.accountId\",\n    \"api-id\" : \"$context.apiId\",\n    \"api-key\" : \"$context.identity.apiKey\",\n    \"authorizer-principal-id\" : \"$context.authorizer.principalId\",\n    \"caller\" : \"$context.identity.caller\",\n    \"cognito-authentication-provider\" : \"$context.identity.cognitoAuthenticationProvider\",\n    \"cognito-authentication-type\" : \"$context.identity.cognitoAuthenticationType\",\n    \"cognito-identity-id\" : \"$context.identity.cognitoIdentityId\",\n    \"cognito-identity-pool-id\" : \"$context.identity.cognitoIdentityPoolId\",\n    \"http-method\" : \"$context.httpMethod\",\n    \"stage\" : \"$context.stage\",\n    \"source-ip\" : \"$context.identity.sourceIp\",\n    \"user\" : \"$context.identity.user\",\n    \"user-agent\" : \"$context.identity.userAgent\",\n    \"user-arn\" : \"$context.identity.userArn\",\n    \"request-id\" : \"$context.requestId\",\n    \"resource-id\" : \"$context.resourceId\",\n    \"resource-path\" : \"$context.resourcePath\"\n    }\n}\n"
          },
          "uri": "arn:aws:apigateway:eu-west-1:lambda:path/2015-03-31/functions/arn:aws:lambda:eu-west-1:088169412392:function:HomeApp/invocations",
          "passthroughBehavior": "never",
          "httpMethod": "POST",
          "contentHandling": "CONVERT_TO_TEXT",
          "type": "aws"
        }
      }
    }
  },
  "definitions": {
    "Empty": {
      "type": "object",
      "title": "Empty Schema"
    }
  }
}